event,step,episodes,episode_steps,episode_score,death_reason,avg_score,avg_loss,best_score,replay_size,eval_score,eval_reward,best_eval
episode,10,1,10,0,wall,,,0,10,,,
episode,41,2,31,0,wall,,,0,41,,,
episode,47,3,6,0,wall,,,0,47,,,
episode,59,4,12,0,wall,,,0,59,,,
episode,71,5,12,0,wall,,,0,71,,,
episode,84,6,13,0,wall,,,0,84,,,
episode,111,7,27,0,wall,,,0,111,,,
episode,129,8,18,0,wall,,,0,129,,,
episode,155,9,26,0,wall,,,0,155,,,
episode,182,10,27,0,wall,,,0,182,,,
episode,198,11,16,0,wall,,,0,198,,,
episode,211,12,13,0,wall,,,0,211,,,
episode,278,13,67,0,wall,,,0,278,,,
episode,299,14,21,0,wall,,,0,299,,,
episode,324,15,25,1,wall,,,1,324,,,
episode,349,16,25,0,wall,,,1,349,,,
episode,363,17,14,0,wall,,,1,363,,,
episode,368,18,5,0,wall,,,1,368,,,
episode,381,19,13,0,wall,,,1,381,,,
episode,402,20,21,0,wall,,,1,402,,,
episode,415,21,13,0,wall,,,1,415,,,
episode,425,22,10,0,wall,,,1,425,,,
episode,443,23,18,0,wall,,,1,443,,,
episode,456,24,13,0,wall,,,1,456,,,
episode,469,25,13,0,wall,,,1,469,,,
episode,479,26,10,0,wall,,,1,479,,,
episode,495,27,16,0,wall,,,1,495,,,
episode,528,28,33,0,wall,,,1,528,,,
episode,557,29,29,0,wall,,,1,557,,,
episode,576,30,19,0,wall,,,1,576,,,
episode,593,31,17,0,wall,,,1,593,,,
episode,625,32,32,0,wall,,,1,625,,,
episode,638,33,13,1,wall,,,1,638,,,
episode,674,34,36,0,wall,,,1,674,,,
episode,693,35,19,1,wall,,,1,693,,,
episode,703,36,10,0,wall,,,1,703,,,
episode,718,37,15,0,wall,,,1,718,,,
episode,754,38,36,0,wall,,,1,754,,,
episode,764,39,10,0,wall,,,1,764,,,
episode,770,40,6,0,wall,,,1,770,,,
episode,799,41,29,0,wall,,,1,799,,,
episode,809,42,10,0,wall,,,1,809,,,
episode,832,43,23,1,wall,,,1,832,,,
episode,847,44,15,0,wall,,,1,847,,,
episode,926,45,79,0,wall,,,1,926,,,
episode,932,46,6,0,wall,,,1,932,,,
episode,976,47,44,1,wall,,,1,976,,,
episode,1000,48,24,0,wall,,,1,1000,,,
episode,1038,49,38,0,wall,,,1,1038,,,
episode,1066,50,28,0,wall,,,1,1066,,,
episode,1093,51,27,0,wall,,,1,1093,,,
episode,1103,52,10,0,wall,,,1,1103,,,
episode,1136,53,33,0,wall,,,1,1136,,,
episode,1176,54,40,0,wall,,,1,1176,,,
episode,1181,55,5,0,wall,,,1,1181,,,
episode,1201,56,20,0,wall,,,1,1201,,,
episode,1208,57,7,0,wall,,,1,1208,,,
episode,1240,58,32,1,wall,,,1,1240,,,
episode,1250,59,10,0,wall,,,1,1250,,,
episode,1267,60,17,0,wall,,,1,1267,,,
episode,1298,61,31,0,wall,,,1,1298,,,
episode,1323,62,25,0,wall,,,1,1323,,,
episode,1356,63,33,0,wall,,,1,1356,,,
episode,1386,64,30,0,wall,,,1,1386,,,
episode,1417,65,31,0,wall,,,1,1417,,,
episode,1436,66,19,0,wall,,,1,1436,,,
episode,1505,67,69,0,wall,,,1,1505,,,
episode,1529,68,24,0,wall,,,1,1529,,,
episode,1538,69,9,0,wall,,,1,1538,,,
episode,1545,70,7,0,wall,,,1,1545,,,
episode,1552,71,7,0,wall,,,1,1552,,,
episode,1572,72,20,0,wall,,,1,1572,,,
episode,1583,73,11,0,wall,,,1,1583,,,
episode,1640,74,57,2,wall,,,2,1640,,,
episode,1657,75,17,0,wall,,,2,1657,,,
episode,1668,76,11,0,wall,,,2,1668,,,
episode,1683,77,15,0,wall,,,2,1683,,,
episode,1700,78,17,0,wall,,,2,1700,,,
episode,1708,79,8,0,wall,,,2,1708,,,
episode,1738,80,30,0,wall,,,2,1738,,,
episode,1752,81,14,0,wall,,,2,1752,,,
episode,1779,82,27,1,wall,,,2,1779,,,
episode,1801,83,22,0,wall,,,2,1801,,,
episode,1813,84,12,0,wall,,,2,1813,,,
episode,1834,85,21,0,wall,,,2,1834,,,
episode,1849,86,15,1,wall,,,2,1849,,,
episode,1875,87,26,0,wall,,,2,1875,,,
episode,1901,88,26,0,wall,,,2,1901,,,
episode,1930,89,29,0,wall,,,2,1930,,,
episode,1976,90,46,0,wall,,,2,1976,,,
episode,1984,91,8,0,wall,,,2,1984,,,
train,2000,91,,,,0.10989010989010989,0.0,2,2000,,,
episode,2011,92,27,1,wall,,,2,2011,,,
episode,2026,93,15,0,wall,,,2,2026,,,
episode,2037,94,11,0,wall,,,2,2037,,,
episode,2045,95,8,0,wall,,,2,2045,,,
episode,2062,96,17,0,wall,,,2,2062,,,
episode,2074,97,12,0,wall,,,2,2074,,,
episode,2171,98,97,0,wall,,,2,2171,,,
episode,2205,99,34,0,wall,,,2,2205,,,
episode,2213,100,8,0,wall,,,2,2213,,,
episode,2223,101,10,0,wall,,,2,2223,,,
episode,2274,102,51,0,wall,,,2,2274,,,
episode,2296,103,22,0,wall,,,2,2296,,,
episode,2307,104,11,1,wall,,,2,2307,,,
episode,2325,105,18,0,wall,,,2,2325,,,
episode,2349,106,24,1,wall,,,2,2349,,,
episode,2405,107,56,0,wall,,,2,2405,,,
episode,2435,108,30,0,wall,,,2,2435,,,
episode,2444,109,9,0,wall,,,2,2444,,,
episode,2462,110,18,0,wall,,,2,2462,,,
episode,2471,111,9,0,wall,,,2,2471,,,
episode,2477,112,6,0,wall,,,2,2477,,,
episode,2544,113,67,0,wall,,,2,2544,,,
episode,2618,114,74,1,wall,,,2,2618,,,
episode,2645,115,27,0,wall,,,2,2645,,,
episode,2663,116,18,0,wall,,,2,2663,,,
episode,2677,117,14,0,wall,,,2,2677,,,
episode,2687,118,10,0,wall,,,2,2687,,,
episode,2699,119,12,0,wall,,,2,2699,,,
episode,2710,120,11,0,wall,,,2,2710,,,
episode,2722,121,12,0,wall,,,2,2722,,,
episode,2759,122,37,0,wall,,,2,2759,,,
episode,2802,123,43,0,wall,,,2,2802,,,
episode,2826,124,24,0,wall,,,2,2826,,,
episode,2847,125,21,0,wall,,,2,2847,,,
episode,2888,126,41,0,wall,,,2,2888,,,
episode,2903,127,15,0,wall,,,2,2903,,,
episode,2942,128,39,0,wall,,,2,2942,,,
episode,2960,129,18,1,wall,,,2,2960,,,
episode,2992,130,32,0,wall,,,2,2992,,,
episode,3008,131,16,0,wall,,,2,3008,,,
episode,3018,132,10,0,wall,,,2,3018,,,
episode,3045,133,27,0,wall,,,2,3045,,,
episode,3062,134,17,0,wall,,,2,3062,,,
episode,3097,135,35,0,wall,,,2,3097,,,
episode,3106,136,9,0,wall,,,2,3106,,,
episode,3125,137,19,0,wall,,,2,3125,,,
episode,3150,138,25,1,wall,,,2,3150,,,
episode,3158,139,8,0,wall,,,2,3158,,,
episode,3191,140,33,0,wall,,,2,3191,,,
episode,3208,141,17,0,wall,,,2,3208,,,
episode,3215,142,7,0,wall,,,2,3215,,,
episode,3236,143,21,0,wall,,,2,3236,,,
episode,3248,144,12,0,wall,,,2,3248,,,
episode,3269,145,21,0,wall,,,2,3269,,,
episode,3289,146,20,0,wall,,,2,3289,,,
episode,3314,147,25,0,wall,,,2,3314,,,
episode,3337,148,23,0,wall,,,2,3337,,,
episode,3377,149,40,2,wall,,,2,3377,,,
episode,3441,150,64,1,wall,,,2,3441,,,
episode,3458,151,17,0,wall,,,2,3458,,,
episode,3472,152,14,1,wall,,,2,3472,,,
episode,3481,153,9,0,wall,,,2,3481,,,
episode,3522,154,41,0,wall,,,2,3522,,,
episode,3559,155,37,0,wall,,,2,3559,,,
episode,3581,156,22,0,wall,,,2,3581,,,
episode,3597,157,16,2,self,,,2,3597,,,
episode,3627,158,30,0,wall,,,2,3627,,,
episode,3654,159,27,0,wall,,,2,3654,,,
episode,3660,160,6,0,wall,,,2,3660,,,
episode,3676,161,16,0,wall,,,2,3676,,,
episode,3698,162,22,0,wall,,,2,3698,,,
episode,3730,163,32,0,wall,,,2,3730,,,
episode,3749,164,19,0,wall,,,2,3749,,,
episode,3770,165,21,0,wall,,,2,3770,,,
episode,3785,166,15,0,wall,,,2,3785,,,
episode,3814,167,29,0,wall,,,2,3814,,,
episode,3823,168,9,0,wall,,,2,3823,,,
episode,3835,169,12,0,wall,,,2,3835,,,
episode,3844,170,9,1,wall,,,2,3844,,,
episode,3871,171,27,0,wall,,,2,3871,,,
episode,3894,172,23,0,wall,,,2,3894,,,
episode,3918,173,24,0,wall,,,2,3918,,,
episode,3930,174,12,2,self,,,2,3930,,,
episode,3966,175,36,0,wall,,,2,3966,,,
episode,3999,176,33,1,wall,,,2,3999,,,
train,4000,176,,,,0.18,0.0,2,4000,,,
episode,4029,177,30,0,wall,,,2,4029,,,
episode,4045,178,16,0,wall,,,2,4045,,,
episode,4068,179,23,0,wall,,,2,4068,,,
episode,4083,180,15,0,wall,,,2,4083,,,
episode,4091,181,8,0,wall,,,2,4091,,,
episode,4099,182,8,1,wall,,,2,4099,,,
episode,4110,183,11,0,wall,,,2,4110,,,
episode,4126,184,16,0,wall,,,2,4126,,,
episode,4172,185,46,1,wall,,,2,4172,,,
episode,4215,186,43,1,wall,,,2,4215,,,
episode,4234,187,19,0,wall,,,2,4234,,,
episode,4251,188,17,0,wall,,,2,4251,,,
episode,4267,189,16,0,wall,,,2,4267,,,
episode,4279,190,12,0,wall,,,2,4279,,,
episode,4293,191,14,3,wall,,,3,4293,,,
episode,4305,192,12,0,wall,,,3,4305,,,
episode,4314,193,9,0,wall,,,3,4314,,,
episode,4328,194,14,0,wall,,,3,4328,,,
episode,4343,195,15,0,wall,,,3,4343,,,
episode,4374,196,31,1,wall,,,3,4374,,,
episode,4398,197,24,0,wall,,,3,4398,,,
episode,4407,198,9,0,wall,,,3,4407,,,
episode,4422,199,15,0,wall,,,3,4422,,,
episode,4468,200,46,0,wall,,,3,4468,,,
episode,4484,201,16,0,wall,,,3,4484,,,
episode,4540,202,56,0,wall,,,3,4540,,,
episode,4589,203,49,1,wall,,,3,4589,,,
episode,4605,204,16,0,wall,,,3,4605,,,
episode,4625,205,20,0,wall,,,3,4625,,,
episode,4668,206,43,0,wall,,,3,4668,,,
episode,4697,207,29,2,wall,,,3,4697,,,
episode,4734,208,37,0,wall,,,3,4734,,,
episode,4743,209,9,0,wall,,,3,4743,,,
episode,4775,210,32,0,wall,,,3,4775,,,
episode,4807,211,32,0,wall,,,3,4807,,,
episode,4834,212,27,0,wall,,,3,4834,,,
episode,4971,213,137,0,wall,,,3,4971,,,
episode,5012,214,41,1,wall,,,3,5012,,,
episode,5025,215,13,0,wall,,,3,5025,,,
episode,5037,216,12,0,wall,,,3,5037,,,
episode,5088,217,51,0,wall,,,3,5088,,,
episode,5097,218,9,0,wall,,,3,5097,,,
episode,5168,219,71,0,wall,,,3,5168,,,
episode,5190,220,22,0,wall,,,3,5190,,,
episode,5208,221,18,0,wall,,,3,5208,,,
episode,5223,222,15,1,wall,,,3,5223,,,
episode,5231,223,8,0,wall,,,3,5231,,,
episode,5249,224,18,0,wall,,,3,5249,,,
episode,5264,225,15,0,wall,,,3,5264,,,
episode,5280,226,16,0,wall,,,3,5280,,,
episode,5292,227,12,1,wall,,,3,5292,,,
episode,5337,228,45,0,wall,,,3,5337,,,
episode,5364,229,27,0,wall,,,3,5364,,,
episode,5376,230,12,1,wall,,,3,5376,,,
episode,5397,231,21,0,wall,,,3,5397,,,
episode,5468,232,71,2,self,,,3,5468,,,
episode,5476,233,8,1,wall,,,3,5476,,,
episode,5484,234,8,0,wall,,,3,5484,,,
episode,5531,235,47,0,wall,,,3,5531,,,
episode,5553,236,22,0,wall,,,3,5553,,,
episode,5578,237,25,0,wall,,,3,5578,,,
episode,5595,238,17,0,wall,,,3,5595,,,
episode,5618,239,23,1,wall,,,3,5618,,,
episode,5662,240,44,0,wall,,,3,5662,,,
episode,5671,241,9,2,self,,,3,5671,,,
episode,5717,242,46,0,wall,,,3,5717,,,
episode,5734,243,17,1,wall,,,3,5734,,,
episode,5771,244,37,1,wall,,,3,5771,,,
episode,5831,245,60,1,wall,,,3,5831,,,
episode,5839,246,8,0,wall,,,3,5839,,,
episode,5891,247,52,0,wall,,,3,5891,,,
episode,5955,248,64,2,self,,,3,5955,,,
episode,5972,249,17,0,wall,,,3,5972,,,
train,6000,249,,,,0.33,0.5774907252192497,3,6000,,,
episode,6002,250,30,0,wall,,,3,6002,,,
episode,6010,251,8,0,wall,,,3,6010,,,
episode,6310,252,300,0,timeout,,,3,6310,,,
episode,6319,253,9,0,wall,,,3,6319,,,
episode,6336,254,17,0,wall,,,3,6336,,,
episode,6351,255,15,0,wall,,,3,6351,,,
episode,6368,256,17,0,wall,,,3,6368,,,
episode,6540,257,172,0,wall,,,3,6540,,,
episode,6582,258,42,0,wall,,,3,6582,,,
episode,6622,259,40,0,wall,,,3,6622,,,
episode,6631,260,9,0,wall,,,3,6631,,,
episode,6753,261,122,2,self,,,3,6753,,,
episode,6818,262,65,0,wall,,,3,6818,,,
episode,6837,263,19,0,wall,,,3,6837,,,
episode,6846,264,9,1,wall,,,3,6846,,,
episode,6871,265,25,0,wall,,,3,6871,,,
episode,6886,266,15,1,wall,,,3,6886,,,
episode,7026,267,140,1,wall,,,3,7026,,,
episode,7217,268,191,1,wall,,,3,7217,,,
episode,7434,269,217,2,self,,,3,7434,,,
episode,7593,270,159,0,wall,,,3,7593,,,
episode,7635,271,42,0,wall,,,3,7635,,,
episode,7915,272,280,2,self,,,3,7915,,,
train,8000,272,,,,0.38,0.2435801074281335,3,8000,,,
episode,8148,273,233,1,wall,,,3,8148,,,
episode,8448,274,300,0,timeout,,,3,8448,,,
episode,8667,275,219,2,self,,,3,8667,,,
episode,8967,276,300,0,timeout,,,3,8967,,,
episode,9386,277,419,1,timeout,,,3,9386,,,
episode,9808,278,422,1,timeout,,,3,9808,,,
train,10000,278,,,,0.4,0.1519432646781206,3,10000,,,
eval,10000,278,,,,,,3,,0.2,-2.2064999999999406,0.2
episode,10108,279,300,0,timeout,,,3,10108,,,
episode,10555,280,447,1,wall,,,3,10555,,,
episode,10651,281,96,3,self,,,3,10651,,,
episode,10909,282,258,2,self,,,3,10909,,,
episode,11209,283,300,0,timeout,,,3,11209,,,
episode,11407,284,198,0,wall,,,3,11407,,,
episode,11707,285,300,0,timeout,,,3,11707,,,
train,12000,285,,,,0.44,0.08861038068309426,3,12000,,,
episode,12007,286,300,0,timeout,,,3,12007,,,
episode,12495,287,488,1,timeout,,,3,12495,,,
episode,12795,288,300,0,timeout,,,3,12795,,,
episode,13222,289,427,1,timeout,,,3,13222,,,
episode,13522,290,300,0,timeout,,,3,13522,,,
episode,13980,291,458,1,timeout,,,3,13980,,,
train,14000,291,,,,0.43,0.05002035304903984,3,14000,,,
episode,14141,292,161,2,self,,,3,14141,,,
episode,14257,293,116,2,self,,,3,14257,,,
episode,14557,294,300,0,timeout,,,3,14557,,,
episode,14630,295,73,2,self,,,3,14630,,,
episode,14930,296,300,0,timeout,,,3,14930,,,
episode,15212,297,282,1,wall,,,3,15212,,,
episode,15585,298,373,2,self,,,3,15585,,,
train,16000,298,,,,0.51,0.04992469124495983,3,16000,,,
episode,16004,299,419,1,timeout,,,3,16004,,,
episode,16092,300,88,2,self,,,3,16092,,,
episode,16108,301,16,2,self,,,3,16108,,,
episode,16208,302,100,1,wall,,,3,16208,,,
episode,16508,303,300,0,timeout,,,3,16508,,,
episode,16716,304,208,2,self,,,3,16716,,,
episode,17258,305,542,1,timeout,,,3,17258,,,
episode,17643,306,385,2,self,,,3,17643,,,
episode,17888,307,245,2,self,,,3,17888,,,
train,18000,307,,,,0.61,0.05527626993134618,3,18000,,,
episode,18188,308,300,0,timeout,,,3,18188,,,
episode,18515,309,327,3,self,,,3,18515,,,
episode,18815,310,300,0,timeout,,,3,18815,,,
episode,19115,311,300,0,timeout,,,3,19115,,,
episode,19614,312,499,1,timeout,,,3,19614,,,
episode,19914,313,300,0,timeout,,,3,19914,,,
episode,19927,314,13,2,self,,,3,19927,,,
train,20000,314,,,,0.66,0.05473354569636285,3,20000,,,
eval,20000,314,,,,,,3,,0.8,3.103999999999709,0.8
episode,20263,315,336,3,self,,,3,20263,,,
episode,20670,316,407,1,timeout,,,3,20670,,,
episode,20970,317,300,0,timeout,,,3,20970,,,
episode,21270,318,300,2,self,,,3,21270,,,
episode,21301,319,31,2,self,,,3,21301,,,
episode,21601,320,300,0,timeout,,,3,21601,,,
episode,21901,321,300,0,timeout,,,3,21901,,,
train,22000,321,,,,0.74,0.050149749759584666,3,22000,,,
episode,22217,322,316,2,self,,,3,22217,,,
episode,22241,323,24,2,self,,,3,22241,,,
episode,22541,324,300,0,timeout,,,3,22541,,,
episode,22911,325,370,2,self,,,3,22911,,,
episode,23211,326,300,0,timeout,,,3,23211,,,
episode,23719,327,508,1,timeout,,,3,23719,,,
episode,23808,328,89,3,self,,,3,23808,,,
episode,23954,329,146,3,self,,,3,23954,,,
train,24000,329,,,,0.85,0.06657953487709165,3,24000,,,
episode,24256,330,302,2,self,,,3,24256,,,
episode,24337,331,81,2,self,,,3,24337,,,
episode,24502,332,165,2,self,,,3,24502,,,
episode,24573,333,71,2,self,,,3,24573,,,
episode,24793,334,220,2,self,,,3,24793,,,
episode,24922,335,129,1,wall,,,3,24922,,,
episode,25330,336,408,1,timeout,,,3,25330,,,
episode,25348,337,18,2,self,,,3,25348,,,
episode,25370,338,22,2,self,,,3,25370,,,
episode,25477,339,107,2,self,,,3,25477,,,
episode,25650,340,173,2,self,,,3,25650,,,
episode,25752,341,102,2,self,,,3,25752,,,
episode,25976,342,224,2,self,,,3,25976,,,
train,26000,342,,,,1.02,0.07047967111691833,3,26000,,,
episode,26205,343,229,2,self,,,3,26205,,,
episode,26239,344,34,2,self,,,3,26239,,,
episode,26296,345,57,3,self,,,3,26296,,,
episode,26547,346,251,3,self,,,3,26547,,,
episode,26953,347,406,1,timeout,,,3,26953,,,
episode,26998,348,45,2,self,,,3,26998,,,
episode,27298,349,300,0,timeout,,,3,27298,,,
episode,27401,350,103,2,self,,,3,27401,,,
episode,27485,351,84,3,self,,,3,27485,,,
episode,27785,352,300,0,timeout,,,3,27785,,,
episode,27804,353,19,1,wall,,,3,27804,,,
episode,27871,354,67,2,self,,,3,27871,,,
train,28000,354,,,,1.18,0.07591449534520507,3,28000,,,
episode,28203,355,332,2,self,,,3,28203,,,
episode,28263,356,60,2,self,,,3,28263,,,
episode,28285,357,22,2,self,,,3,28285,,,
episode,28330,358,45,2,self,,,3,28330,,,
episode,28395,359,65,3,self,,,3,28395,,,
episode,28407,360,12,2,self,,,3,28407,,,
episode,28451,361,44,2,self,,,3,28451,,,
episode,28589,362,138,3,self,,,3,28589,,,
episode,28991,363,402,1,timeout,,,3,28991,,,
episode,29291,364,300,0,timeout,,,3,29291,,,
episode,29341,365,50,2,self,,,3,29341,,,
episode,29367,366,26,2,self,,,3,29367,,,
episode,29381,367,14,2,wall,,,3,29381,,,
episode,29516,368,135,2,self,,,3,29516,,,
episode,29547,369,31,2,self,,,3,29547,,,
episode,29631,370,84,2,self,,,3,29631,,,
episode,29735,371,104,2,self,,,3,29735,,,
train,30000,371,,,,1.43,0.08120914835482836,3,30000,,,
eval,30000,371,,,,,,3,,1.0,4.927499999999667,1.0
episode,30053,372,318,2,self,,,3,30053,,,
episode,30398,373,345,5,self,,,5,30398,,,
episode,30617,374,219,2,self,,,5,30617,,,
episode,30783,375,166,2,self,,,5,30783,,,
episode,30915,376,132,2,self,,,5,30915,,,
episode,30954,377,39,2,self,,,5,30954,,,
episode,31254,378,300,0,timeout,,,5,31254,,,
episode,31446,379,192,2,self,,,5,31446,,,
episode,31491,380,45,2,self,,,5,31491,,,
episode,31684,381,193,2,self,,,5,31684,,,
episode,31695,382,11,2,self,,,5,31695,,,
train,32000,382,,,,1.53,0.08779805734753608,5,32000,,,
episode,32103,383,408,1,timeout,,,5,32103,,,
episode,32505,384,402,1,timeout,,,5,32505,,,
episode,32913,385,408,1,timeout,,,5,32913,,,
episode,32946,386,33,2,self,,,5,32946,,,
episode,33024,387,78,2,self,,,5,33024,,,
episode,33169,388,145,2,self,,,5,33169,,,
episode,33267,389,98,3,self,,,5,33267,,,
episode,33482,390,215,2,self,,,5,33482,,,
episode,33557,391,75,2,self,,,5,33557,,,
episode,33605,392,48,2,self,,,5,33605,,,
episode,33905,393,300,0,timeout,,,5,33905,,,
episode,33930,394,25,3,self,,,5,33930,,,
train,34000,394,,,,1.67,0.08725210078060627,5,34000,,,
episode,34081,395,151,2,self,,,5,34081,,,
episode,34133,396,52,3,self,,,5,34133,,,
episode,34289,397,156,2,self,,,5,34289,,,
episode,34323,398,34,2,self,,,5,34323,,,
episode,34336,399,13,2,self,,,5,34336,,,
episode,34350,400,14,2,self,,,5,34350,,,
episode,34423,401,73,2,self,,,5,34423,,,
episode,34505,402,82,3,self,,,5,34505,,,
episode,34518,403,13,2,self,,,5,34518,,,
episode,34542,404,24,2,self,,,5,34542,,,
episode,34601,405,59,2,self,,,5,34601,,,
episode,34748,406,147,2,self,,,5,34748,,,
episode,34857,407,109,2,self,,,5,34857,,,
episode,34942,408,85,3,self,,,5,34942,,,
episode,35080,409,138,2,self,,,5,35080,,,
episode,35104,410,24,2,self,,,5,35104,,,
episode,35118,411,14,2,self,,,5,35118,,,
episode,35193,412,75,2,self,,,5,35193,,,
episode,35225,413,32,2,self,,,5,35225,,,
episode,35262,414,37,2,self,,,5,35262,,,
episode,35296,415,34,2,self,,,5,35296,,,
episode,35329,416,33,2,self,,,5,35329,,,
episode,35403,417,74,2,self,,,5,35403,,,
episode,35533,418,130,2,self,,,5,35533,,,
episode,35628,419,95,2,self,,,5,35628,,,
episode,35744,420,116,4,self,,,5,35744,,,
episode,35802,421,58,3,self,,,5,35802,,,
episode,35858,422,56,2,self,,,5,35858,,,
episode,35874,423,16,2,self,,,5,35874,,,
episode,35892,424,18,2,self,,,5,35892,,,
episode,35987,425,95,7,self,,,7,35987,,,
train,36000,425,,,,2.02,0.10880125891417265,7,36000,,,
episode,36238,426,251,2,self,,,7,36238,,,
episode,36272,427,34,2,self,,,7,36272,,,
episode,36287,428,15,2,self,,,7,36287,,,
episode,36336,429,49,2,self,,,7,36336,,,
episode,36356,430,20,2,self,,,7,36356,,,
episode,36371,431,15,2,self,,,7,36371,,,
episode,36474,432,103,2,self,,,7,36474,,,
episode,36533,433,59,2,self,,,7,36533,,,
episode,36600,434,67,2,self,,,7,36600,,,
episode,36799,435,199,2,self,,,7,36799,,,
episode,36919,436,120,2,wall,,,7,36919,,,
episode,37034,437,115,2,self,,,7,37034,,,
episode,37073,438,39,2,self,,,7,37073,,,
episode,37115,439,42,2,self,,,7,37115,,,
episode,37173,440,58,2,self,,,7,37173,,,
episode,37225,441,52,2,self,,,7,37225,,,
episode,37282,442,57,2,self,,,7,37282,,,
episode,37301,443,19,2,self,,,7,37301,,,
episode,37317,444,16,2,self,,,7,37317,,,
episode,37375,445,58,2,self,,,7,37375,,,
episode,37423,446,48,2,self,,,7,37423,,,
episode,37437,447,14,2,self,,,7,37437,,,
episode,37518,448,81,5,self,,,7,37518,,,
episode,37560,449,42,3,self,,,7,37560,,,
episode,37644,450,84,2,self,,,7,37644,,,
episode,37678,451,34,2,self,,,7,37678,,,
episode,37710,452,32,2,self,,,7,37710,,,
episode,37765,453,55,2,self,,,7,37765,,,
episode,37805,454,40,3,self,,,7,37805,,,
episode,37837,455,32,2,self,,,7,37837,,,
episode,37927,456,90,2,self,,,7,37927,,,
train,38000,456,,,,2.13,0.1303818716853857,7,38000,,,
episode,38274,457,347,2,self,,,7,38274,,,
episode,38344,458,70,2,self,,,7,38344,,,
episode,38376,459,32,2,self,,,7,38376,,,
episode,38421,460,45,2,self,,,7,38421,,,
episode,38830,461,409,1,timeout,,,7,38830,,,
episode,38958,462,128,3,self,,,7,38958,,,
episode,38979,463,21,2,self,,,7,38979,,,
episode,39114,464,135,2,self,,,7,39114,,,
episode,39315,465,201,3,self,,,7,39315,,,
episode,39391,466,76,2,self,,,7,39391,,,
episode,39481,467,90,3,self,,,7,39481,,,
episode,39508,468,27,2,self,,,7,39508,,,
episode,39580,469,72,4,self,,,7,39580,,,
episode,39716,470,136,2,self,,,7,39716,,,
episode,39734,471,18,2,self,,,7,39734,,,
episode,39744,472,10,2,self,,,7,39744,,,
episode,39773,473,29,2,self,,,7,39773,,,
episode,39805,474,32,2,self,,,7,39805,,,
episode,39835,475,30,3,self,,,7,39835,,,
episode,39870,476,35,2,self,,,7,39870,,,
episode,39963,477,93,2,self,,,7,39963,,,
train,40000,477,,,,2.16,0.1289679541066289,7,40000,,,
eval,40000,477,,,,,,7,,1.8,8.777499999999879,1.8
episode,40087,478,124,4,self,,,7,40087,,,
episode,40213,479,126,3,self,,,7,40213,,,
episode,40234,480,21,2,self,,,7,40234,,,
episode,40247,481,13,2,self,,,7,40247,,,
episode,40264,482,17,2,self,,,7,40264,,,
episode,40320,483,56,3,self,,,7,40320,,,
episode,40362,484,42,4,self,,,7,40362,,,
episode,40410,485,48,2,self,,,7,40410,,,
episode,40461,486,51,2,self,,,7,40461,,,
episode,40499,487,38,2,self,,,7,40499,,,
episode,40542,488,43,2,self,,,7,40542,,,
episode,40594,489,52,3,self,,,7,40594,,,
episode,40660,490,66,2,self,,,7,40660,,,
episode,40694,491,34,2,self,,,7,40694,,,
episode,40718,492,24,3,self,,,7,40718,,,
episode,40801,493,83,4,self,,,7,40801,,,
episode,40896,494,95,3,self,,,7,40896,,,
episode,41452,495,556,1,timeout,,,7,41452,,,
episode,41752,496,300,0,timeout,,,7,41752,,,
episode,41792,497,40,2,self,,,7,41792,,,
episode,41848,498,56,3,self,,,7,41848,,,
train,42000,498,,,,2.29,0.13859011441469193,7,42000,,,
episode,42251,499,403,1,timeout,,,7,42251,,,
episode,42269,500,18,2,self,,,7,42269,,,
episode,42398,501,129,4,self,,,7,42398,,,
episode,42676,502,278,4,self,,,7,42676,,,
episode,42976,503,300,0,timeout,,,7,42976,,,
episode,43047,504,71,4,wall,,,7,43047,,,
episode,43140,505,93,2,wall,,,7,43140,,,
episode,43254,506,114,2,self,,,7,43254,,,
episode,43299,507,45,2,self,,,7,43299,,,
episode,43362,508,63,3,self,,,7,43362,,,
episode,43409,509,47,3,self,,,7,43409,,,
episode,43583,510,174,4,self,,,7,43583,,,
episode,43814,511,231,3,self,,,7,43814,,,
episode,43822,512,8,2,self,,,7,43822,,,
episode,43883,513,61,2,self,,,7,43883,,,
train,44000,513,,,,2.35,0.14076277866959572,7,44000,,,
episode,44183,514,300,0,timeout,,,7,44183,,,
episode,44214,515,31,2,self,,,7,44214,,,
episode,44256,516,42,2,self,,,7,44256,,,
episode,44471,517,215,4,self,,,7,44471,,,
episode,44535,518,64,3,self,,,7,44535,,,
episode,44699,519,164,3,self,,,7,44699,,,
episode,44808,520,109,3,self,,,7,44808,,,
episode,45041,521,233,2,self,,,7,45041,,,
episode,45105,522,64,3,self,,,7,45105,,,
episode,45154,523,49,5,self,,,7,45154,,,
episode,45201,524,47,4,wall,,,7,45201,,,
episode,45234,525,33,4,self,,,7,45234,,,
episode,45256,526,22,2,self,,,7,45256,,,
episode,45341,527,85,3,self,,,7,45341,,,
episode,45347,528,6,2,self,,,7,45347,,,
episode,45411,529,64,3,self,,,7,45411,,,
episode,45468,530,57,2,self,,,7,45468,,,
episode,45500,531,32,3,self,,,7,45500,,,
episode,45541,532,41,5,self,,,7,45541,,,
episode,45728,533,187,2,self,,,7,45728,,,
episode,45810,534,82,2,self,,,7,45810,,,
episode,45839,535,29,2,self,,,7,45839,,,
episode,45908,536,69,5,self,,,7,45908,,,
episode,45939,537,31,2,self,,,7,45939,,,
episode,45965,538,26,2,self,,,7,45965,,,
episode,45989,539,24,3,self,,,7,45989,,,
train,46000,539,,,,2.48,0.1476721929013729,7,46000,,,
episode,46024,540,35,2,self,,,7,46024,,,
episode,46091,541,67,4,self,,,7,46091,,,
episode,46326,542,235,2,self,,,7,46326,,,
episode,46343,543,17,0,wall,,,7,46343,,,
episode,46373,544,30,2,self,,,7,46373,,,
episode,46427,545,54,3,self,,,7,46427,,,
episode,46464,546,37,2,self,,,7,46464,,,
episode,46764,547,300,0,timeout,,,7,46764,,,
episode,46806,548,42,3,self,,,7,46806,,,
episode,46872,549,66,4,self,,,7,46872,,,
episode,47022,550,150,3,self,,,7,47022,,,
episode,47103,551,81,2,self,,,7,47103,,,
episode,47533,552,430,1,timeout,,,7,47533,,,
episode,47548,553,15,2,self,,,7,47548,,,
episode,47610,554,62,3,self,,,7,47610,,,
episode,47639,555,29,3,self,,,7,47639,,,
episode,47690,556,51,4,self,,,7,47690,,,
episode,47750,557,60,4,self,,,7,47750,,,
train,48000,557,,,,2.51,0.14678586155176163,7,48000,,,
episode,48050,558,300,0,timeout,,,7,48050,,,
episode,48158,559,108,6,self,,,7,48158,,,
episode,48174,560,16,2,self,,,7,48174,,,
episode,48311,561,137,6,self,,,7,48311,,,
episode,48328,562,17,2,self,,,7,48328,,,
episode,48360,563,32,3,self,,,7,48360,,,
episode,48382,564,22,2,self,,,7,48382,,,
episode,48432,565,50,4,self,,,7,48432,,,
episode,48462,566,30,4,self,,,7,48462,,,
episode,48527,567,65,3,self,,,7,48527,,,
episode,48619,568,92,7,self,,,7,48619,,,
episode,48738,569,119,5,self,,,7,48738,,,
episode,48771,570,33,2,self,,,7,48771,,,
episode,48791,571,20,2,self,,,7,48791,,,
episode,48838,572,47,3,self,,,7,48838,,,
episode,48870,573,32,2,self,,,7,48870,,,
episode,48895,574,25,3,self,,,7,48895,,,
episode,48940,575,45,4,self,,,7,48940,,,
episode,49240,576,300,0,timeout,,,7,49240,,,
episode,49260,577,20,3,self,,,7,49260,,,
episode,49335,578,75,2,wall,,,7,49335,,,
episode,49413,579,78,2,wall,,,7,49413,,,
episode,49713,580,300,0,timeout,,,7,49713,,,
episode,49736,581,23,2,self,,,7,49736,,,
episode,49777,582,41,2,self,,,7,49777,,,
episode,49822,583,45,4,self,,,7,49822,,,
episode,49848,584,26,2,self,,,7,49848,,,
episode,49881,585,33,2,self,,,7,49881,,,
train,50000,585,,,,2.63,0.1626675244048238,7,50000,,,
eval,50000,585,,,,,,7,,1.4,6.8315000000000765,1.8
episode,50181,586,300,0,timeout,,,7,50181,,,
episode,50471,587,290,2,self,,,7,50471,,,
episode,50526,588,55,2,self,,,7,50526,,,
episode,50576,589,50,2,self,,,7,50576,,,
episode,50614,590,38,2,self,,,7,50614,,,
episode,50713,591,99,3,self,,,7,50713,,,
episode,50774,592,61,2,self,,,7,50774,,,
episode,50811,593,37,2,self,,,7,50811,,,
episode,50920,594,109,6,self,,,7,50920,,,
episode,51329,595,409,4,self,,,7,51329,,,
episode,51341,596,12,2,self,,,7,51341,,,
episode,51641,597,300,0,timeout,,,7,51641,,,
episode,51659,598,18,2,self,,,7,51659,,,
episode,51723,599,64,3,self,,,7,51723,,,
train,52000,599,,,,2.65,0.15982006635516882,7,52000,,,
episode,52023,600,300,0,timeout,,,7,52023,,,
episode,52053,601,30,3,self,,,7,52053,,,
episode,52150,602,97,5,wall,,,7,52150,,,
episode,52208,603,58,3,self,,,7,52208,,,
episode,52290,604,82,6,self,,,7,52290,,,
episode,52426,605,136,7,self,,,7,52426,,,
episode,52476,606,50,4,self,,,7,52476,,,
episode,52615,607,139,2,self,,,7,52615,,,
episode,52638,608,23,2,self,,,7,52638,,,
episode,52664,609,26,2,self,,,7,52664,,,
episode,52670,610,6,2,self,,,7,52670,,,
episode,52757,611,87,4,self,,,7,52757,,,
episode,52797,612,40,2,self,,,7,52797,,,
episode,52984,613,187,2,self,,,7,52984,,,
episode,53296,614,312,2,self,,,7,53296,,,
episode,53313,615,17,3,self,,,7,53313,,,
episode,53337,616,24,2,self,,,7,53337,,,
episode,53381,617,44,3,self,,,7,53381,,,
episode,53445,618,64,4,self,,,7,53445,,,
episode,53467,619,22,2,self,,,7,53467,,,
episode,53767,620,300,0,timeout,,,7,53767,,,
episode,53820,621,53,3,self,,,7,53820,,,
episode,53881,622,61,3,self,,,7,53881,,,
train,54000,622,,,,2.72,0.17013275980949402,7,54000,,,
episode,54181,623,300,0,timeout,,,7,54181,,,
episode,54208,624,27,2,self,,,7,54208,,,
episode,54248,625,40,6,self,,,7,54248,,,
episode,54328,626,80,5,self,,,7,54328,,,
episode,54358,627,30,2,self,,,7,54358,,,
episode,54431,628,73,2,self,,,7,54431,,,
episode,54498,629,67,3,self,,,7,54498,,,
episode,54527,630,29,2,self,,,7,54527,,,
episode,54556,631,29,2,self,,,7,54556,,,
episode,54627,632,71,3,self,,,7,54627,,,
episode,54662,633,35,2,self,,,7,54662,,,
episode,54731,634,69,4,self,,,7,54731,,,
episode,54781,635,50,2,self,,,7,54781,,,
episode,54824,636,43,3,self,,,7,54824,,,
episode,54850,637,26,2,self,,,7,54850,,,
episode,54955,638,105,9,wall,,,9,54955,,,
episode,55049,639,94,6,self,,,9,55049,,,
episode,55108,640,59,4,self,,,9,55108,,,
episode,55142,641,34,2,self,,,9,55142,,,
episode,55167,642,25,2,self,,,9,55167,,,
episode,55203,643,36,4,self,,,9,55203,,,
episode,55321,644,118,2,self,,,9,55321,,,
episode,55726,645,405,1,timeout,,,9,55726,,,
episode,55803,646,77,4,self,,,9,55803,,,
train,56000,646,,,,2.8,0.1847662565112114,9,56000,,,
episode,56048,647,245,6,self,,,9,56048,,,
episode,56080,648,32,2,self,,,9,56080,,,
episode,56126,649,46,3,self,,,9,56126,,,
episode,56148,650,22,3,self,,,9,56148,,,
episode,56176,651,28,2,self,,,9,56176,,,
episode,56509,652,333,5,self,,,9,56509,,,
episode,56563,653,54,2,self,,,9,56563,,,
episode,56612,654,49,4,self,,,9,56612,,,
episode,56677,655,65,3,self,,,9,56677,,,
episode,56713,656,36,2,self,,,9,56713,,,
episode,56833,657,120,3,self,,,9,56833,,,
episode,56857,658,24,2,self,,,9,56857,,,
episode,57262,659,405,1,timeout,,,9,57262,,,
episode,57289,660,27,2,self,,,9,57289,,,
episode,57375,661,86,5,self,,,9,57375,,,
episode,57445,662,70,5,wall,,,9,57445,,,
episode,57458,663,13,2,self,,,9,57458,,,
episode,57505,664,47,2,self,,,9,57505,,,
episode,57538,665,33,2,self,,,9,57538,,,
episode,57583,666,45,4,wall,,,9,57583,,,
episode,57609,667,26,2,self,,,9,57609,,,
episode,57661,668,52,2,self,,,9,57661,,,
episode,57696,669,35,3,self,,,9,57696,,,
train,58000,669,,,,2.74,0.19628198377788067,9,58000,,,
episode,58164,670,468,1,timeout,,,9,58164,,,
episode,58230,671,66,6,self,,,9,58230,,,
episode,58297,672,67,3,self,,,9,58297,,,
episode,58344,673,47,4,self,,,9,58344,,,
episode,58371,674,27,4,wall,,,9,58371,,,
episode,58460,675,89,5,self,,,9,58460,,,
episode,58501,676,41,2,self,,,9,58501,,,
episode,58728,677,227,5,self,,,9,58728,,,
episode,58741,678,13,2,self,,,9,58741,,,
episode,58781,679,40,4,self,,,9,58781,,,
episode,58825,680,44,4,self,,,9,58825,,,
episode,58849,681,24,3,self,,,9,58849,,,
episode,58874,682,25,2,self,,,9,58874,,,
episode,58933,683,59,3,self,,,9,58933,,,
episode,58952,684,19,2,self,,,9,58952,,,
episode,59007,685,55,4,self,,,9,59007,,,
episode,59307,686,300,0,timeout,,,9,59307,,,
episode,59341,687,34,2,self,,,9,59341,,,
episode,59499,688,158,2,self,,,9,59499,,,
episode,59526,689,27,2,self,,,9,59526,,,
episode,59826,690,300,0,timeout,,,9,59826,,,
episode,59863,691,37,2,self,,,9,59863,,,
episode,59886,692,23,2,self,,,9,59886,,,
episode,59963,693,77,3,self,,,9,59963,,,
train,60000,693,,,,2.91,0.20297843493521214,9,60000,,,
eval,60000,693,,,,,,9,,3.4,25.224614668367103,3.4
episode,60022,694,59,4,self,,,9,60022,,,
episode,60067,695,45,2,self,,,9,60067,,,
episode,60151,696,84,3,self,,,9,60151,,,
episode,60227,697,76,5,self,,,9,60227,,,
episode,60282,698,55,4,self,,,9,60282,,,
episode,60443,699,161,2,self,,,9,60443,,,
episode,60550,700,107,5,self,,,9,60550,,,
episode,60706,701,156,5,self,,,9,60706,,,
episode,60769,702,63,3,self,,,9,60769,,,
episode,61174,703,405,1,timeout,,,9,61174,,,
episode,61232,704,58,4,self,,,9,61232,,,
episode,61258,705,26,2,self,,,9,61258,,,
episode,61298,706,40,3,self,,,9,61298,,,
episode,61390,707,92,5,self,,,9,61390,,,
episode,61429,708,39,3,wall,,,9,61429,,,
episode,61495,709,66,4,self,,,9,61495,,,
episode,61583,710,88,2,self,,,9,61583,,,
episode,61998,711,415,1,timeout,,,9,61998,,,
train,62000,711,,,,2.92,0.19415425524115562,9,62000,,,
episode,62015,712,17,2,self,,,9,62015,,,
episode,62063,713,48,4,self,,,9,62063,,,
episode,62363,714,300,0,timeout,,,9,62363,,,
episode,62379,715,16,2,self,,,9,62379,,,
episode,62522,716,143,8,wall,,,9,62522,,,
episode,62582,717,60,3,self,,,9,62582,,,
episode,62656,718,74,4,self,,,9,62656,,,
episode,62734,719,78,4,self,,,9,62734,,,
episode,62763,720,29,3,self,,,9,62763,,,
episode,62803,721,40,3,self,,,9,62803,,,
episode,62893,722,90,6,self,,,9,62893,,,
episode,62939,723,46,3,self,,,9,62939,,,
episode,62966,724,27,2,self,,,9,62966,,,
episode,63002,725,36,3,self,,,9,63002,,,
episode,63083,726,81,4,self,,,9,63083,,,
episode,63147,727,64,4,self,,,9,63147,,,
episode,63165,728,18,2,self,,,9,63165,,,
episode,63363,729,198,5,self,,,9,63363,,,
episode,63394,730,31,2,self,,,9,63394,,,
episode,63416,731,22,3,self,,,9,63416,,,
episode,63427,732,11,1,wall,,,9,63427,,,
episode,63509,733,82,5,self,,,9,63509,,,
episode,63571,734,62,4,self,,,9,63571,,,
episode,63736,735,165,6,self,,,9,63736,,,
episode,63761,736,25,2,self,,,9,63761,,,
episode,63856,737,95,5,self,,,9,63856,,,
episode,63939,738,83,4,self,,,9,63939,,,
train,64000,738,,,,3.11,0.21173020776361226,9,64000,,,
episode,64003,739,64,4,self,,,9,64003,,,
episode,64015,740,12,2,self,,,9,64015,,,
episode,64315,741,300,0,timeout,,,9,64315,,,
episode,64348,742,33,2,self,,,9,64348,,,
episode,64376,743,28,3,self,,,9,64376,,,
episode,64407,744,31,3,self,,,9,64407,,,
episode,64513,745,106,5,self,,,9,64513,,,
episode,64566,746,53,3,self,,,9,64566,,,
episode,64664,747,98,1,wall,,,9,64664,,,
episode,64725,748,61,3,self,,,9,64725,,,
episode,64753,749,28,2,self,,,9,64753,,,
episode,64843,750,90,6,self,,,9,64843,,,
episode,64915,751,72,2,self,,,9,64915,,,
episode,64936,752,21,4,wall,,,9,64936,,,
episode,64954,753,18,2,self,,,9,64954,,,
episode,64990,754,36,3,self,,,9,64990,,,
episode,65020,755,30,2,self,,,9,65020,,,
episode,65150,756,130,5,self,,,9,65150,,,
episode,65293,757,143,2,self,,,9,65293,,,
episode,65411,758,118,5,self,,,9,65411,,,
episode,65816,759,405,1,timeout,,,9,65816,,,
episode,65826,760,10,2,self,,,9,65826,,,
train,66000,760,,,,3.08,0.20602272935211657,9,66000,,,
episode,66032,761,206,6,self,,,9,66032,,,
episode,66133,762,101,7,self,,,9,66133,,,
episode,66223,763,90,4,wall,,,9,66223,,,
episode,66523,764,300,0,timeout,,,9,66523,,,
episode,66548,765,25,2,self,,,9,66548,,,
episode,66569,766,21,3,self,,,9,66569,,,
episode,66620,767,51,4,self,,,9,66620,,,
episode,66641,768,21,2,self,,,9,66641,,,
episode,66665,769,24,2,self,,,9,66665,,,
episode,66697,770,32,2,self,,,9,66697,,,
episode,66916,771,219,2,self,,,9,66916,,,
episode,66961,772,45,3,self,,,9,66961,,,
episode,67582,773,621,3,timeout,,,9,67582,,,
episode,67640,774,58,3,self,,,9,67640,,,
episode,67940,775,300,0,timeout,,,9,67940,,,
train,68000,775,,,,3.01,0.21303515151143074,9,68000,,,
episode,68025,776,85,5,self,,,9,68025,,,
episode,68063,777,38,4,self,,,9,68063,,,
episode,68270,778,207,6,wall,,,9,68270,,,
episode,68339,779,69,2,self,,,9,68339,,,
episode,68380,780,41,2,self,,,9,68380,,,
episode,68551,781,171,3,self,,,9,68551,,,
episode,68642,782,91,2,self,,,9,68642,,,
episode,68696,783,54,3,self,,,9,68696,,,
episode,68773,784,77,5,self,,,9,68773,,,
episode,68812,785,39,4,self,,,9,68812,,,
episode,68848,786,36,2,self,,,9,68848,,,
episode,68905,787,57,4,self,,,9,68905,,,
episode,68957,788,52,2,self,,,9,68957,,,
episode,69162,789,205,6,self,,,9,69162,,,
episode,69213,790,51,4,self,,,9,69213,,,
episode,69227,791,14,2,self,,,9,69227,,,
episode,69292,792,65,6,self,,,9,69292,,,
episode,69329,793,37,2,self,,,9,69329,,,
episode,69450,794,121,8,wall,,,9,69450,,,
episode,69462,795,12,2,self,,,9,69462,,,
episode,69482,796,20,2,self,,,9,69482,,,
episode,69810,797,328,8,self,,,9,69810,,,
episode,69933,798,123,8,wall,,,9,69933,,,
train,70000,798,,,,3.31,0.21892675384879112,9,70000,,,
eval,70000,798,,,,,,9,,2.4,15.837388888888148,3.4
episode,70016,799,83,2,self,,,9,70016,,,
episode,70316,800,300,0,timeout,,,9,70316,,,
episode,70562,801,246,8,self,,,9,70562,,,
episode,70572,802,10,2,self,,,9,70572,,,
episode,70854,803,282,8,self,,,9,70854,,,
episode,70982,804,128,8,self,,,9,70982,,,
episode,71155,805,173,2,self,,,9,71155,,,
episode,71287,806,132,6,self,,,9,71287,,,
episode,71354,807,67,2,self,,,9,71354,,,
episode,71392,808,38,2,self,,,9,71392,,,
episode,71462,809,70,2,self,,,9,71462,,,
episode,71541,810,79,4,self,,,9,71541,,,
episode,71614,811,73,4,self,,,9,71614,,,
episode,71647,812,33,2,self,,,9,71647,,,
episode,71671,813,24,2,self,,,9,71671,,,
episode,71696,814,25,3,self,,,9,71696,,,
episode,71818,815,122,7,self,,,9,71818,,,
episode,71834,816,16,2,self,,,9,71834,,,
episode,71854,817,20,2,self,,,9,71854,,,
train,72000,817,,,,3.4,0.22346552804112435,9,72000,,,
episode,72154,818,300,0,timeout,,,9,72154,,,
episode,72187,819,33,2,self,,,9,72187,,,
episode,72281,820,94,8,wall,,,9,72281,,,
episode,72389,821,108,7,self,,,9,72389,,,
episode,72554,822,165,7,self,,,9,72554,,,
episode,72587,823,33,3,self,,,9,72587,,,
episode,72705,824,118,5,self,,,9,72705,,,
episode,72784,825,79,5,wall,,,9,72784,,,
episode,72987,826,203,7,self,,,9,72987,,,
episode,73061,827,74,4,self,,,9,73061,,,
episode,73107,828,46,3,self,,,9,73107,,,
episode,73398,829,291,8,wall,,,9,73398,,,
episode,73458,830,60,2,self,,,9,73458,,,
episode,73564,831,106,6,self,,,9,73564,,,
episode,73634,832,70,4,self,,,9,73634,,,
episode,73675,833,41,4,self,,,9,73675,,,
episode,73703,834,28,2,self,,,9,73703,,,
episode,73747,835,44,3,self,,,9,73747,,,
episode,73774,836,27,2,self,,,9,73774,,,
episode,73806,837,32,2,self,,,9,73806,,,
episode,73844,838,38,2,self,,,9,73844,,,
episode,73895,839,51,4,self,,,9,73895,,,
train,74000,839,,,,3.51,0.2415139902383089,9,74000,,,
episode,74113,840,218,8,wall,,,9,74113,,,
episode,74598,841,485,6,self,,,9,74598,,,
episode,74623,842,25,3,self,,,9,74623,,,
episode,74951,843,328,5,self,,,9,74951,,,
episode,75032,844,81,6,self,,,9,75032,,,
episode,75280,845,248,4,self,,,9,75280,,,
episode,75352,846,72,7,wall,,,9,75352,,,
episode,75505,847,153,7,self,,,9,75505,,,
episode,75705,848,200,2,self,,,9,75705,,,
episode,75763,849,58,4,self,,,9,75763,,,
train,76000,849,,,,3.79,0.21998053267598153,9,76000,,,
episode,76239,850,476,4,self,,,9,76239,,,
episode,76328,851,89,5,self,,,9,76328,,,
episode,76586,852,258,5,self,,,9,76586,,,
episode,76678,853,92,5,wall,,,9,76678,,,
episode,76799,854,121,6,wall,,,9,76799,,,
episode,76864,855,65,6,self,,,9,76864,,,
episode,77029,856,165,7,self,,,9,77029,,,
episode,77060,857,31,2,self,,,9,77060,,,
episode,77305,858,245,9,self,,,9,77305,,,
episode,77380,859,75,8,self,,,9,77380,,,
episode,77893,860,513,2,self,,,9,77893,,,
episode,77972,861,79,5,self,,,9,77972,,,
train,78000,861,,,,4.03,0.22927867859601975,9,78000,,,
episode,78102,862,130,4,self,,,9,78102,,,
episode,78188,863,86,6,self,,,9,78188,,,
episode,78273,864,85,5,self,,,9,78273,,,
episode,78292,865,19,2,self,,,9,78292,,,
episode,78326,866,34,3,self,,,9,78326,,,
episode,78446,867,120,6,self,,,9,78446,,,
episode,78544,868,98,7,self,,,9,78544,,,
episode,78641,869,97,7,self,,,9,78641,,,
episode,78673,870,32,6,self,,,9,78673,,,
episode,78742,871,69,2,self,,,9,78742,,,
episode,78803,872,61,3,self,,,9,78803,,,
episode,78824,873,21,3,self,,,9,78824,,,
episode,79230,874,406,1,timeout,,,9,79230,,,
episode,79336,875,106,9,self,,,9,79336,,,
episode,79375,876,39,3,self,,,9,79375,,,
episode,79658,877,283,2,self,,,9,79658,,,
episode,79716,878,58,5,self,,,9,79716,,,
episode,79748,879,32,3,self,,,9,79748,,,
episode,79765,880,17,2,self,,,9,79765,,,
episode,79804,881,39,2,self,,,9,79804,,,
episode,79848,882,44,2,self,,,9,79848,,,
episode,79924,883,76,3,self,,,9,79924,,,
episode,79981,884,57,4,self,,,9,79981,,,
train,80000,884,,,,4.24,0.23352576300501823,9,80000,,,
eval,80000,884,,,,,,9,,3.6,26.132991211577018,3.6
episode,80021,885,40,2,self,,,9,80021,,,
episode,80505,886,484,7,self,,,9,80505,,,
episode,80528,887,23,2,self,,,9,80528,,,
episode,80595,888,67,6,self,,,9,80595,,,
episode,80721,889,126,3,self,,,9,80721,,,
episode,80885,890,164,4,self,,,9,80885,,,
episode,80978,891,93,4,self,,,9,80978,,,
episode,81102,892,124,6,self,,,9,81102,,,
episode,81133,893,31,2,self,,,9,81133,,,
episode,81271,894,138,6,self,,,9,81271,,,
episode,81315,895,44,2,self,,,9,81315,,,
episode,81348,896,33,4,self,,,9,81348,,,
episode,81389,897,41,4,self,,,9,81389,,,
episode,81432,898,43,3,self,,,9,81432,,,
episode,81447,899,15,2,self,,,9,81447,,,
episode,81672,900,225,10,self,,,10,81672,,,
episode,81765,901,93,3,self,,,10,81765,,,
train,82000,901,,,,4.24,0.2458551175892353,10,82000,,,
episode,82029,902,264,2,self,,,10,82029,,,
episode,82283,903,254,8,self,,,10,82283,,,
episode,82296,904,13,2,self,,,10,82296,,,
episode,82362,905,66,4,self,,,10,82362,,,
episode,82375,906,13,2,self,,,10,82375,,,
episode,82467,907,92,2,self,,,10,82467,,,
episode,82870,908,403,1,timeout,,,10,82870,,,
episode,82890,909,20,2,self,,,10,82890,,,
episode,83106,910,216,7,self,,,10,83106,,,
episode,83153,911,47,3,self,,,10,83153,,,
episode,83249,912,96,4,self,,,10,83249,,,
episode,83316,913,67,3,self,,,10,83316,,,
episode,83340,914,24,2,self,,,10,83340,,,
episode,83367,915,27,2,self,,,10,83367,,,
episode,83407,916,40,2,self,,,10,83407,,,
episode,83479,917,72,4,self,,,10,83479,,,
episode,83516,918,37,4,self,,,10,83516,,,
episode,83694,919,178,2,self,,,10,83694,,,
episode,83803,920,109,5,self,,,10,83803,,,
episode,83841,921,38,4,self,,,10,83841,,,
episode,83897,922,56,2,self,,,10,83897,,,
episode,83930,923,33,2,self,,,10,83930,,,
episode,83963,924,33,3,self,,,10,83963,,,
train,84000,924,,,,4.06,0.2410953213274479,10,84000,,,
episode,84032,925,69,6,self,,,10,84032,,,
episode,84375,926,343,10,wall,,,10,84375,,,
episode,84797,927,422,3,self,,,10,84797,,,
episode,84863,928,66,4,wall,,,10,84863,,,
episode,85036,929,173,4,self,,,10,85036,,,
episode,85094,930,58,3,self,,,10,85094,,,
episode,85201,931,107,7,self,,,10,85201,,,
episode,85267,932,66,3,self,,,10,85267,,,
episode,85346,933,79,6,self,,,10,85346,,,
episode,85399,934,53,3,self,,,10,85399,,,
episode,85415,935,16,2,self,,,10,85415,,,
episode,85500,936,85,4,self,,,10,85500,,,
train,86000,936,,,,4.11,0.23238518338650466,10,86000,,,
episode,86218,937,718,4,timeout,,,10,86218,,,
episode,86292,938,74,7,wall,,,10,86292,,,
episode,86325,939,33,4,self,,,10,86325,,,
episode,86384,940,59,2,self,,,10,86384,,,
episode,86449,941,65,2,self,,,10,86449,,,
episode,86478,942,29,2,self,,,10,86478,,,
episode,86848,943,370,9,self,,,10,86848,,,
episode,86912,944,64,2,self,,,10,86912,,,
episode,86923,945,11,2,self,,,10,86923,,,
episode,87148,946,225,7,self,,,10,87148,,,
episode,87519,947,371,8,wall,,,10,87519,,,
episode,87813,948,294,9,wall,,,10,87813,,,
train,88000,948,,,,4.13,0.2409591318666935,10,88000,,,
episode,88011,949,198,4,self,,,10,88011,,,
episode,88048,950,37,3,self,,,10,88048,,,
episode,88147,951,99,4,self,,,10,88147,,,
episode,88310,952,163,6,self,,,10,88310,,,
episode,88441,953,131,6,self,,,10,88441,,,
episode,88479,954,38,2,self,,,10,88479,,,
episode,88823,955,344,8,wall,,,10,88823,,,
episode,89072,956,249,11,wall,,,11,89072,,,
episode,89163,957,91,7,self,,,11,89163,,,
episode,89422,958,259,5,self,,,11,89422,,,
episode,89566,959,144,6,wall,,,11,89566,,,
episode,89703,960,137,4,self,,,11,89703,,,
episode,89743,961,40,3,self,,,11,89743,,,
episode,89817,962,74,5,self,,,11,89817,,,
train,90000,962,,,,4.15,0.2607728619873524,11,90000,,,
eval,90000,962,,,,,,11,,3.6,25.512770918366716,3.6
episode,90018,963,201,8,self,,,11,90018,,,
episode,90916,964,898,5,self,,,11,90916,,,
episode,91121,965,205,6,self,,,11,91121,,,
episode,91138,966,17,2,self,,,11,91138,,,
episode,91389,967,251,9,self,,,11,91389,,,
episode,91634,968,245,6,self,,,11,91634,,,
episode,91821,969,187,8,wall,,,11,91821,,,
episode,91855,970,34,2,self,,,11,91855,,,
episode,91918,971,63,5,self,,,11,91918,,,
train,92000,971,,,,4.22,0.2647834435105324,11,92000,,,
episode,92118,972,200,8,self,,,11,92118,,,
episode,92317,973,199,3,self,,,11,92317,,,
episode,92338,974,21,3,self,,,11,92338,,,
episode,92440,975,102,5,self,,,11,92440,,,
episode,92478,976,38,4,self,,,11,92478,,,
episode,92561,977,83,3,self,,,11,92561,,,
episode,92653,978,92,4,self,,,11,92653,,,
episode,92739,979,86,5,self,,,11,92739,,,
episode,93268,980,529,2,timeout,,,11,93268,,,
episode,93385,981,117,7,self,,,11,93385,,,
episode,93678,982,293,4,self,,,11,93678,,,
episode,93705,983,27,2,self,,,11,93705,,,
train,94000,983,,,,4.34,0.2508029364794493,11,94000,,,
episode,94247,984,542,11,self,,,11,94247,,,
episode,94425,985,178,12,wall,,,12,94425,,,
episode,95297,986,872,5,timeout,,,12,95297,,,
episode,95347,987,50,5,self,,,12,95347,,,
episode,95663,988,316,10,self,,,12,95663,,,
episode,95694,989,31,2,self,,,12,95694,,,
episode,95778,990,84,6,self,,,12,95778,,,
episode,95865,991,87,5,self,,,12,95865,,,
episode,95927,992,62,4,self,,,12,95927,,,
episode,95947,993,20,2,self,,,12,95947,,,
episode,95987,994,40,2,self,,,12,95987,,,
train,96000,994,,,,4.52,0.2556381261348724,12,96000,,,
episode,96640,995,653,3,timeout,,,12,96640,,,
episode,96760,996,120,5,self,,,12,96760,,,
episode,97060,997,300,0,timeout,,,12,97060,,,
episode,97091,998,31,2,self,,,12,97091,,,
episode,97240,999,149,6,self,,,12,97240,,,
episode,97366,1000,126,6,self,,,12,97366,,,
episode,97518,1001,152,7,self,,,12,97518,,,
episode,97925,1002,407,1,timeout,,,12,97925,,,
train,98000,1002,,,,4.52,0.24003384418785573,12,98000,,,
episode,98058,1003,133,6,self,,,12,98058,,,
episode,98608,1004,550,6,self,,,12,98608,,,
episode,99046,1005,438,1,timeout,,,12,99046,,,
episode,99115,1006,69,5,wall,,,12,99115,,,
episode,99516,1007,401,10,self,,,12,99516,,,
episode,99546,1008,30,4,self,,,12,99546,,,
episode,99654,1009,108,6,self,,,12,99654,,,
episode,99718,1010,64,4,self,,,12,99718,,,
episode,99771,1011,53,3,self,,,12,99771,,,
episode,99829,1012,58,4,self,,,12,99829,,,
train,100000,1012,,,,4.66,0.24337797611951828,12,100000,,,
eval,100000,1012,,,,,,12,,3.6,26.39701666666619,3.6
